asset,AAPL,MSFT,NVDA,AMZN,GOOGL,JPM,XOM,UNH,PG,JNJ
AAPL,0.07610562,0.04230035,0.07118474,0.05209902,0.04775104,0.02299779,0.01223767,0.00935878,0.01167790,0.00699893
MSFT,0.04230035,0.06945900,0.08110001,0.05674195,0.04812008,0.01851409,0.00394157,0.01045430,0.00667650,0.00172882
NVDA,0.07118474,0.08110001,0.26236842,0.09606351,0.08117639,0.03840384,0.00953137,0.00992137,0.00010912,-0.00793322
AMZN,0.05209902,0.05674195,0.09606351,0.12086959,0.06614519,0.02842692,0.00823234,0.00889338,0.00539970,0.00045425
GOOGL,0.04775104,0.04812008,0.08117639,0.06614519,0.09682436,0.02359348,0.00675425,0.01121595,0.00672177,0.00399273
JPM,0.02299779,0.01851409,0.03840384,0.02842692,0.02359348,0.05885536,0.02119287,0.01296278,0.00729617,0.00736380
XOM,0.01223767,0.00394157,0.00953137,0.00823234,0.00675425,0.02119287,0.07443632,0.00739255,0.00262569,0.00567864
UNH,0.00935878,0.01045430,0.00992137,0.00889338,0.01121595,0.01296278,0.00739255,0.09636998,0.01137511,0.01057002
PG,0.01167790,0.00667650,0.00010912,0.00539970,0.00672177,0.00729617,0.00262569,0.01137511,0.03100292,0.01322730
JNJ,0.00699893,0.00172882,-0.00793322,0.00045425,0.00399273,0.00736380,0.00567864,0.01057002,0.01322730,0.02807018
